beef,4,1
stroganoff,1,1
with,1,1
broccoli,1,1
filet,1,1
of,1,1
tacos,1,1
beef,4,2
stir-fry,1,2
stroganoff,1,2
peppercorn,1,2
roasted,1,2
tenderloin,1,2
and,1,2
cheese,1,2
manicotti,1,2
beef,4,3
and,2,3
fillet,1,3
of,1,3
corned,1,3
hash,1,3
broccoli,1,3
cheddar,1,3
casserole,1,3
beef,2,4
stroganoff,1,4
cheesy,1,4
and,1,4
potato,1,4
hash,1,4
beef,2,5
and,1,5
bean,1,5
burritos,1,5
stroganoff,1,5
beef,4,6
balsamic,1,6
roasted,1,6
corned,1,6
hash,1,6
sliders,1,6
for,1,6
a,1,6
crowd,1,6
perfect,1,6
burgers,1,6
creamed,1,7
beef,1,7
beef,6,8
stroganoff,2,8
empanadas,1,8
for,1,8
noodles,1,8
teriyaki,1,8
stir-fry,1,8
wellington,1,8
with,1,8
snow,1,8
peas,1,8
beef,2,9
thai,1,9
with,1,9
peppers,1,9
stroganoff,1,9
beef,2,10
asian,1,10
skewers,1,10
chinese,1,10
with,1,10
broccoli,1,10
chinese,1,11
beef,1,11
with,1,11
broccoli,1,11
beef,4,12
and,2,12
brisket,1,12
rub,1,12
#1,1,12
wayne's,1,12
macaroni,1,12
cheese,1,12
hot,1,12
hawaiian,1,12
sandwiches,1,12
beef,2,13
grilled,1,13
tenderloin,1,13
roast,1,13
on,1,13
weck,1,13
beef,4,14
on,2,14
easy,1,14
corned,1,14
and,1,14
cabbage,1,14
roast,1,14
weck,1,14
korean,1,14
noodles,1,14
chipped,1,14
beef,3,15
pasties,1,15
korean,1,15
noodles,1,15
healthy,1,15
pressure,1,15
cooker,1,15
stroganoff,1,15
beef,2,16
and,1,16
bean,1,16
taco,1,16
casserole,1,16
corned,1,16
hash,1,16
with,1,16
poached,1,16
eggs,1,16
beef,1,17
stew,1,17
with,1,17
spinach,1,17
pitas,1,17
beef,2,18
kheema:,1,18
indian,1,18
ground,1,18
with,1,18
peas,1,18
filet,1,18
of,1,18
au,1,18
poivre,1,18
fillet,1,19
of,1,19
beef,1,19
sandwiches,1,19
skillet,1,20
pasta,1,20
and,1,20
beef,1,20
dinner,1,20
